id,ex,ey,ez,ed,emag
1,7.242092728,12.67619323,-9.589883883,17.46710207,6.061104291
27,267.4390877,12.69919323,200.0581161,334.2277442,6.610212489
41,91.62808773,12.68919323,-117.1858839,149.2958588,8.251238807
43,298.6900877,12.72719323,-259.3138839,395.7542676,8.616128034
82,48.20408773,12.68819323,18.23611612,53.07711609,8.717536589
128,732.6100877,13.01819323,-245.4558839,772.7454982,8.806182418
159,32.85808773,12.69019323,50.56311612,61.6224281,8.807694034
175,266.2560877,12.83619323,182.6731161,323.1509546,8.594027216
177,66.21208773,12.71319323,-82.06788388,106.2111266,8.867850077
182,210.1730877,12.80819323,207.5701161,295.6723351,7.329053456
202,453.4110877,12.99419323,-333.2778839,562.871754,8.475047277
208,390.6090877,12.95519323,-169.1288839,425.8495929,8.855281182
214,582.9800877,13.10819323,-212.5048839,620.6415496,8.604204233
239,195.5720877,12.83419323,290.3121161,350.2774369,8.603060816
242,174.0000877,12.81719323,-10.63888388,174.7955858,7.352652305
254,257.5820877,12.89619323,297.2601161,393.5459571,8.585977276
262,121.2290877,12.77719323,-105.8898839,161.469551,8.321453188
269,183.3560877,12.84019323,129.5161161,224.8527291,6.534490816
282,297.6660877,12.95919323,-220.5428839,370.6915215,8.915063264
323,98.32408773,12.77619323,30.06911612,103.6098889,8.601006041
340,305.9340877,13.02019323,61.90711612,312.4062779,8.828598763
342,289.4060877,13.00319323,30.10211612,291.2577965,7.597387798
368,141.4860877,12.84019323,-165.9518839,218.4564289,8.81682415
369,265.5300877,12.99219323,170.6971161,315.9312109,8.82796266
387,97.93508773,12.79419323,11.86911612,99.47788049,7.711632617
398,371.1380877,13.15619323,629.6951161,731.0489073,8.645732161
416,86.31008773,12.78419323,167.5401161,188.8982725,8.513139931
420,65.48508773,12.75719323,-66.40788388,94.13314897,6.596712935
453,150.6170877,12.88919323,209.9551161,258.7137206,8.558097308
469,172.6760877,12.92819323,-165.8248839,239.754169,8.943830839
520,286.6700877,13.14519323,243.2601161,376.2020991,8.256106073
535,510.5030877,13.53819323,13.92711612,510.8724399,7.660562372
540,118.0530877,12.86819323,-30.05188388,122.4958679,8.281607195
543,62.79908773,12.77319323,18.61811612,66.73465466,6.578757087
561,171.7120877,12.97319323,26.17211612,174.1790013,7.75397898
562,209.8670877,13.04319323,488.2171161,531.5733927,8.103816174
608,90.44708773,12.83919323,-34.54788388,97.6681977,7.714765868
616,151.8930877,12.96319323,78.10411612,171.288667,8.146643148
630,358.1920877,13.39019323,478.8501161,598.1457203,8.688034999
672,83.11108773,12.84119323,31.90611612,89.94636954,8.997918194
681,154.2970877,12.99819323,61.64111612,166.6618478,8.243180963
694,71.24908773,12.82019323,99.33211612,122.913218,6.119992945
720,128.4280877,12.95719323,8.454116117,129.3566181,8.589943265
721,266.8780877,13.27819323,-24.58888388,268.337171,7.978404184
737,315.3800877,13.40019323,-157.3728839,352.7185698,8.638141624
744,281.9260877,13.32419323,-245.7768839,374.2540978,7.380832821
753,306.5160877,13.39219323,851.3891161,904.9833644,8.72620298
787,43.56008773,12.76719323,-57.95688388,73.61713697,6.916894617
791,338.0290877,13.50419323,-3.433883883,338.3161524,8.988613665
816,54.87208773,12.79819323,-216.2298839,223.4504474,8.673906143
876,33.79408773,12.75019323,-71.19388388,79.83217957,7.777889933
891,605.9030877,14.37819323,-7.260883883,606.1171542,8.146782877
943,25.12208773,12.73019323,24.28811612,37.1899139,6.986125865
959,72.68708773,12.87619323,-146.5868839,164.1247197,8.508869986
962,112.8400877,13.00119323,134.8091161,176.2822005,8.828042315
978,131.8050877,13.06419323,-61.61388388,146.0805428,8.69996187
985,240.2020877,13.40819323,-246.0138839,344.0925074,8.34837608
994,133.4380877,13.07619323,117.7281161,178.4281912,6.350317364
1006,240.4840877,13.42719323,-133.1248839,275.2001466,8.170243304
1020,43.35508773,12.79519323,-122.8728839,130.9241238,8.759098381
1067,134.9740877,13.12019323,46.05111612,143.2160924,7.8899591
1082,156.4680877,13.20119323,77.94711612,175.306266,8.358987197
1113,127.8630877,13.11219323,80.58211612,151.7048986,8.275998022
1181,136.1670877,13.17219323,291.9151161,322.3808578,6.862846233
1183,246.8710877,13.59819323,293.5901161,383.8299117,8.73569408
1202,318.5670877,13.88919323,-386.5418839,501.0913361,7.473584469
1238,208.7600877,13.48719323,-126.2378839,244.3331372,8.514911857
1244,484.2390877,14.61019323,144.1821161,505.4596269,8.078432362
1259,219.3370877,13.54919323,140.6761161,260.9254843,8.698582491
1283,90.02908773,13.02219323,200.1231161,219.8273772,7.932408891
1284,128.8160877,13.18519323,315.9981161,341.49999,8.827953476
1302,76.83808773,12.97119323,-24.15888388,81.58428311,8.699032508
1306,111.9990877,13.12119323,34.28811612,117.8627858,8.707883509
1335,594.2590877,15.21819323,743.9461161,952.2768927,8.843816231
1405,167.5640877,13.40119323,-76.90988388,184.8579068,8.777190156
1413,117.1640877,13.17619323,286.0411161,309.3873876,8.008513027
1418,209.6840877,13.60019323,-30.27788388,212.2949179,7.891697989
1457,130.4950877,13.25419323,321.3981161,347.1331021,7.527480147
1460,105.8890877,13.13919323,-122.3138839,162.3139658,5.884779445
1502,261.5860877,13.90619323,329.9941161,421.3274026,7.85509853
1518,91.73008773,13.08919323,-85.36488388,125.9876953,7.866640658
1521,303.7170877,14.12819323,-40.09388388,306.6776724,7.722410792
1581,395.3810877,14.64519323,-156.2998839,425.4060882,8.734018505
1589,70.89508773,13.00119323,-9.674883883,72.72377787,8.409382158
1595,224.4410877,13.78819323,541.7721161,586.5841303,8.495651546
1638,153.7150877,13.44819323,-40.62788388,159.5612956,8.80763777
1696,501.1040877,15.37419323,650.7001161,821.4330853,8.893860956
1712,382.0070877,14.73719323,282.1581161,475.1418761,8.827116541
1718,240.2590877,13.96119323,399.8551161,466.6941804,7.019161927
1721,180.5780877,13.63319323,52.61511612,188.5806463,8.491485599
1731,193.3570877,13.70919323,111.9971161,223.8710776,8.187989948
1746,231.4200877,13.93019323,-207.8408839,311.3633574,7.136337507
1756,47.74608773,12.90419323,-111.7428839,122.199342,8.520344338
1788,54.75708773,12.94819323,101.4701161,116.0266298,8.830788388
1790,103.5720877,13.22719323,269.0531161,288.603041,7.683504515
1801,337.8330877,14.57519323,341.6231161,480.6765907,8.303264861
1806,163.4860877,13.57619323,176.4951161,240.961698,6.201740075
1831,126.0030877,13.36819323,-152.8298839,198.5257165,5.671083861
1845,47.84208773,12.91419323,175.5961161,182.4544813,8.763772673
1848,244.7280877,14.07119323,-666.5558839,710.2017895,8.565908811
1855,740.5950877,16.99919323,623.8461161,968.4802699,8.698453888
1863,164.6000877,13.60619323,-95.83188388,190.9504316,7.362603222
1869,392.3940877,14.96219323,680.6781161,785.8242075,7.292627016
1883,249.9310877,14.12919323,154.3641161,294.0977101,8.644458215
1907,196.4790877,13.82119323,12.94711612,197.3896783,7.306622197
1921,461.3350877,15.43819323,788.3281161,913.5259272,8.322604389
1922,47.08408773,12.91819323,23.38311612,54.13465759,8.709376971
1950,192.0500877,13.82219323,195.2521161,274.2219504,8.972511077
2002,490.8810877,15.76219323,546.9881161,735.1249473,8.923805806
2039,108.4800877,13.33319323,50.60811612,120.4445304,7.998935413
2044,122.3420877,13.42419323,-234.7438839,265.0518561,7.562654249
2066,114.6190877,13.37919323,-81.45488388,141.2495529,8.793935409
2067,66.06408773,13.06219323,186.5811161,198.3622884,8.95629555
2094,172.1590877,13.77119323,-536.0418839,563.1778569,8.595227854
2146,122.5420877,13.46119323,104.4141161,161.5551752,6.811604373
2178,361.9750877,15.12719323,-368.6268839,516.8564362,8.341849644
2182,213.7870877,14.10519323,102.2021161,237.3797546,6.853218383
2198,21.72508773,12.77719323,-72.65288388,76.90043979,5.154644118
2204,59.79808773,13.04319323,154.4651161,166.1487535,7.131485437
2237,355.4470877,15.13319323,624.4051161,718.6469194,5.565577841
2239,125.6060877,13.51219323,-106.5988839,165.2960698,8.867312638
2263,324.6990877,14.94119323,73.29511612,333.2040079,8.093551083
2278,643.8680877,17.24319323,1113.380116,1286.265418,8.470652967
2297,26.92108773,12.81819323,57.32811612,64.61860367,6.333787846
2298,256.7710877,14.48119323,-538.9468839,597.1639977,8.682468084
2320,74.58808773,13.17019323,117.1691161,139.5185959,8.068160484
2343,144.7820877,13.69319323,-125.6128839,192.1664723,6.762388088
2377,173.2820877,13.91819323,65.21911612,185.6715679,6.641727024
2392,255.4060877,14.55019323,216.7601161,335.3042286,6.246195152
2417,167.0040877,13.89619323,-57.01088388,177.0133057,7.961029562
2455,331.4980877,15.19019323,100.5141161,346.7344974,8.639985264
2515,204.1710877,14.23519323,135.3401161,245.3679295,8.477088991
2516,31.50608773,12.86819323,45.70311612,56.98244277,7.203705315
2526,96.54908773,13.38619323,353.3491161,366.5467424,8.617646821
2536,138.9020877,13.72419323,-16.55388388,140.5566595,5.269257135
2546,34.26908773,12.89219323,49.59611612,61.64700929,7.582560061
2596,770.3400877,18.88319323,283.7461161,821.1530212,8.499120475
2613,351.3060877,15.49519323,159.0921161,385.9616169,8.854720585
2661,225.7990877,14.50319323,51.14111612,231.9719474,8.198177342
2671,119.5040877,13.61719323,-94.89688388,153.2059839,7.220378641
2685,217.0800877,14.45019323,37.52711612,220.7733159,8.956732903
2687,108.8200877,13.53619323,-99.82188388,148.2883965,7.969535844
2717,133.5090877,13.75619323,-22.89288388,136.1543003,4.521156813
2737,118.4390877,13.63519323,245.3991161,272.8267989,7.223435137
2751,192.0940877,14.27919323,358.8871161,407.3131425,8.573642117
2774,178.1120877,14.16819323,-25.18288388,180.4406582,8.619672013
2777,143.3320877,13.86619323,-115.5438839,184.6259673,7.237463918
2849,71.06908773,13.24519323,-12.67388388,73.39535208,7.230342791
2855,172.6460877,14.15419323,-446.6248839,479.0415428,8.733865887
2860,612.9200877,18.09319323,394.3021161,729.0216433,8.982702109
2877,48.65608773,13.04919323,21.74911612,54.87003161,8.994676052
2894,138.3220877,13.86419323,216.9081161,257.6321926,7.946000648
2944,243.7990877,14.85519323,183.2341161,305.3414699,8.58092896
2954,324.1840877,15.61019323,302.2321161,443.4898566,7.752418456
2958,1057.553088,22.40719323,-284.6728839,1095.426523,7.11891626
3023,18.07708773,12.77919323,-4.049883883,22.50534247,7.135428131
3072,230.2920877,14.81619323,234.4971161,329.0028309,8.438998174
3087,197.9650877,14.51219323,320.3071161,376.8254614,8.835701198
3094,190.2760877,14.44119323,206.7901161,281.3817509,7.824479639
3097,171.3910877,14.26019323,224.8501161,283.0827313,8.978566886
3103,195.7260877,14.49719323,175.1781161,263.0707935,8.852363174
3174,558.5260877,18.13119323,394.2061161,683.8703041,8.934868728
3178,105.7890877,13.65319323,-60.09788388,122.4315989,8.187467606
3184,165.4000877,14.24619323,231.7861161,285.1051502,8.278025313
3189,67.66508773,13.27719323,-23.99388388,73.01064594,7.250930954
3194,391.2810877,16.50319323,-71.62088388,398.1240962,8.520092319
3217,196.9550877,14.57619323,328.5351161,383.3263551,6.744843398
3248,265.9970877,15.30119323,328.6981161,423.1205842,8.535320768
3262,141.0490877,14.03819323,-85.97988388,165.7843673,5.198717881
3303,40.41508773,13.01719323,-3.137883883,42.57549707,8.981798635
3306,83.27008773,13.45919323,4.894116117,84.49266101,8.72009494
3310,229.6160877,14.96719323,145.2041161,272.0878534,8.050545772
3370,129.5180877,13.95819323,9.683116117,130.6274433,6.447172134
3384,109.4330877,13.75119323,1.752116117,110.3075968,8.793027115
3385,96.32308773,13.61319323,201.9541161,224.1627116,7.692816857
3395,93.18308773,13.58419323,6.768116117,94.41093973,8.905111602
3442,14.75908773,12.75719323,135.4281161,136.8259891,7.743842981
3461,305.5570877,15.90319323,34.43111612,307.9018467,8.205061468
3482,44.38508773,13.08019323,-4.047883883,46.44903477,6.161883468
3493,83.78608773,13.51219323,73.72311612,112.4179065,7.606177468
3502,675.9020877,19.99419323,841.0911161,1079.202328,8.944514368
3529,339.3420877,16.34119323,291.0071161,447.3312293,8.967146092
3533,265.6630877,15.53019323,61.28111612,273.0813767,8.981460418
3548,219.3200877,15.02719323,52.25511612,225.9595419,7.289153428
3568,94.54608773,13.65019323,19.93411612,97.58411482,8.363895635
3579,262.8830877,15.53919323,349.5191161,437.6215224,8.604493363
3598,297.9830877,15.95019323,-289.8628839,416.0154092,8.594547086
3602,128.4530877,14.04219323,-20.59288388,130.8489427,8.696851089
3607,97.54408773,13.69519323,21.21711612,100.7599791,8.678440343
3611,84.32908773,13.54719323,102.8831161,133.7155827,8.372910107
3620,106.9640877,13.80819323,215.4491161,240.9363067,5.823511244
3663,106.9500877,13.82519323,215.4321161,240.9158647,7.153327
3705,156.3600877,14.41219323,177.7051161,237.1398251,7.679022476
3720,240.2410877,15.39719323,117.1491161,267.7251748,8.190446054
3745,50.16308773,13.18119323,338.6521161,342.6008391,7.237942112
3760,196.4530877,14.91119323,166.3751161,257.8698094,7.936002497
3764,286.0230877,15.97319323,59.56411612,292.5956827,8.358339569
3776,180.5650877,14.73219323,-283.0778839,336.0861151,8.501252853
3827,104.7000877,13.85019323,0.713116117,105.6146048,8.722619892
3838,155.8670877,14.47119323,97.67111612,184.5091092,7.534089061
3842,228.9040877,15.35519323,237.9971161,330.5684356,8.892306913
3850,32.35808773,12.98019323,137.0841161,141.4481748,7.629986739
3853,260.8400877,15.75019323,-229.9248839,348.0676259,8.927318155
3860,181.1040877,14.78719323,-18.44888388,182.6409401,8.744990669
3867,49.99708773,13.19619323,-7.999883883,52.32443444,7.606522714
3927,135.1930877,14.25819323,132.9181161,190.1254655,8.981201452
3938,92.28208773,13.73019323,36.11111612,100.0425641,7.716924071
3954,182.2450877,14.85819323,179.7571161,256.4111127,8.257684216
3960,115.6440877,14.03119323,53.85311612,128.3377868,8.486772728
3979,154.1530877,14.51919323,129.9731161,202.1558615,8.890431691
3980,357.9050877,17.07919323,-223.3048839,422.1999785,8.851591034
4035,205.4280877,15.20219323,-124.7138839,240.8014924,8.537295871
4041,117.2780877,14.08219323,316.6221161,337.9378973,8.449184488
4063,145.8060877,14.45619323,108.3991161,182.2601578,8.42745871
4074,384.3700877,17.53319323,-15.47488388,385.0808347,8.134759522
4083,61.20608773,13.37319323,-29.28188388,69.1553049,6.653127502
4111,285.0640877,16.28019323,6.829116117,285.6102513,8.615868957
4112,259.6570877,15.95219323,201.9401161,329.3267165,8.90513482
4155,393.0920877,17.74119323,52.48311612,396.9768467,8.793825889
4158,110.6910877,14.03419323,-81.34488388,138.0813732,7.960675486
4165,156.9250877,14.64419323,-276.2568839,318.0531425,7.905498455
4189,260.4950877,16.03019323,202.8971161,330.5781262,7.899370569
4212,312.9500877,16.75119323,-51.55488388,317.6102422,8.582472495
4220,139.4770877,14.44319323,9.634116117,140.5534775,8.209207975
4260,72.04108773,13.55219323,30.70011612,79.47375285,8.838118607
4261,159.1590877,14.72919323,188.1611161,246.8869579,8.118490742
4265,597.5750877,20.66519323,-288.1748839,663.752815,8.68603188
4312,147.7910877,14.59619323,-72.59888388,165.3053309,6.613434296
4324,134.2300877,14.41519323,107.7991161,172.7604228,6.727221291
4373,90.66508773,13.83319323,-47.76688388,103.4078844,8.219768266
4383,245.6720877,15.98919323,217.8281161,328.7240745,8.226157557
4407,189.1930877,15.22619323,-119.8478839,224.4757819,8.985847465
4409,97.68908773,13.94519323,361.7161161,374.9348943,8.363779305
4418,143.0810877,14.58619323,33.38011612,147.6454769,6.667100735
4421,365.8990877,17.72119323,399.0211161,541.6770571,8.641702207
4522,258.6900877,16.31319323,405.4711161,481.2416314,8.578815952
4542,259.3910877,16.33819323,189.1661161,321.4568283,8.422613277
4556,262.5040877,16.39819323,-63.59888388,270.5958515,8.168605671
4558,93.90708773,13.94019323,-15.87188388,96.25376258,8.312088576
4566,376.0700877,18.06319323,591.7571161,701.3782676,8.547761525
4594,405.4650877,18.52719323,655.3001161,770.8199767,8.167764807
4595,287.6780877,16.79819323,112.7971161,309.4576722,8.794006272
4628,65.12908773,13.53519323,181.8561161,193.6405084,7.289981071
4660,405.7700877,18.62719323,-207.5748839,456.1618889,8.873594991
4665,551.1390877,20.81319323,1088.155116,1219.946327,6.230703618
4674,61.66608773,13.49119323,10.94011612,64.06562894,7.69912547
4677,60.54008773,13.47619323,-48.67588388,78.84194111,7.342786541
4699,718.6360877,23.39319323,1027.585116,1254.159575,7.93376399
4703,402.8790877,18.64119323,745.9241161,847.9751414,8.677915605
4715,130.3320877,14.53719323,155.6431161,203.5253367,8.123092409
4769,439.8420877,19.29219323,609.6771161,752.0235613,8.440157237
4771,351.3860877,17.94119323,111.4921161,369.086116,7.944638543
4778,184.4620877,15.38919323,29.23911612,187.3980122,7.5198249
4792,259.5650877,16.54519323,458.1011161,526.7868741,8.597174726
4805,297.4220877,17.13719323,-217.3798839,368.7920763,8.620907907
4857,110.8480877,14.28419323,84.86811612,140.3350771,7.901831188
4918,190.1430877,15.55719323,-242.1208839,308.2514274,8.769525482
4930,62.73208773,13.55219323,-43.05988388,77.2860296,8.162504985
4931,606.9670877,22.14519323,-334.1328839,693.2129826,8.245333438
4954,100.6310877,14.15719323,251.3551161,271.1207044,8.061813421
4975,287.9530877,17.14919323,264.1531161,391.1367335,8.786643023
4991,47.58908773,13.32119323,-72.11888388,87.42601942,8.640203525
4998,155.0490877,15.04219323,0.506116117,155.7778654,7.998528742
5029,42.66408773,13.24719323,-28.74188388,53.12069652,8.841318805
5033,95.11508773,14.09419323,89.52511612,131.3783567,6.781619127
5048,335.8650877,17.99319323,68.49811612,343.2507889,8.21505772
5075,303.7280877,17.50519323,259.3281161,399.7602467,8.943998022
5080,55.56408773,13.46419323,-106.9508839,121.2730139,8.677820855
5087,98.07708773,14.15819323,-37.94788388,106.1113164,4.786808511
5088,104.5500877,14.26419323,78.11111612,131.2841746,7.455061891
5115,122.5940877,14.56919323,289.0291161,314.2919052,7.755665978
5233,179.3430877,15.56719323,220.4541161,284.6160535,8.958296962
5255,122.0070877,14.60919323,257.0861161,284.9428523,6.269788837
5277,143.1970877,14.97619323,202.8501161,248.7526119,8.119838247
5279,178.0950877,15.56819323,60.47811612,188.72687,8.317168686
5282,639.9390877,23.39419323,232.4001161,681.2335416,8.749480115
5294,48.49808773,13.37619323,-31.89388388,59.56682707,8.179022337
5304,47.02908773,13.35319323,-72.85388388,87.73671557,8.937906863
5352,125.9580877,14.71419323,64.63211612,142.3350195,8.991558826
5355,82.63408773,13.97119323,9.741116117,84.37106162,7.264967569
5365,236.5990877,16.62319323,-241.3028839,338.3526868,8.620848147
5372,104.1330877,14.34619323,63.35411612,122.7324621,8.465797232
5386,1478.480088,38.08919323,2656.350116,3040.320723,8.586596998
5401,75.55408773,13.85819323,-85.80288388,115.1633821,8.265572053
5405,180.2990877,15.67119323,56.69011612,189.6499844,8.339764057
5455,190.2300877,15.87319323,29.79811612,193.2029303,7.328068545
5470,36.66908773,13.19119323,-183.5098839,187.6019911,8.044187217
5537,1375.800088,36.94219323,2588.931116,2932.022328,8.185836366
5622,142.5910877,15.12119323,198.2361161,244.6598179,7.620813241
5641,1029.408088,31.20719323,1208.276116,1587.635371,8.005753831
5665,137.7700877,15.05119323,31.41411612,142.1055318,8.612054922
5670,136.4080877,15.02719323,143.6631161,198.6758009,7.360724862
5675,60.37208773,13.64419323,33.62511612,70.43863584,8.621054683
5679,1111.488088,32.81519323,210.3831161,1131.699457,8.770655538
5711,231.6760877,16.78819323,-139.8948839,271.1572083,7.18510577
5755,344.6370877,18.90119323,632.8271161,720.8343334,5.88517732
5784,117.3540877,14.71519323,-85.03888388,145.6713101,8.599870131
5800,1043.089088,31.91119323,1796.124116,2077.285491,8.785480938
5804,32.41508773,13.14419323,87.31511612,94.06081666,8.759043725
5810,224.1160877,16.71219323,44.82011612,229.1640482,8.932732427
5814,147.6700877,15.29119323,293.7221161,329.1093388,7.55670103
5828,151.4730877,15.36719323,-252.6918839,295.0142965,8.643215312
5851,62.96308773,13.72019323,-63.38688388,90.39076926,8.445620412
5866,100.3830877,14.42619323,76.03211612,126.7507871,8.638753325
5901,107.8320877,14.57719323,-39.44688388,115.7424311,5.992463001
5912,119.5780877,14.80319323,-72.56088388,140.6525345,6.570737812
5916,107.6900877,14.57819323,32.16111612,113.3314436,8.299752103
5938,109.8850877,14.62519323,-150.4218839,186.8565544,8.951541682
5942,243.6100877,17.16819323,319.1031161,401.830089,7.773212268
5945,63.68708773,13.75019323,3.399116117,65.24313717,8.857674178
5969,211.2720877,16.57719323,-124.4888839,245.7807572,7.874739389
6026,351.0570877,19.32719323,-225.8338839,417.8702698,8.660207367
6057,314.8620877,18.65819323,199.0591161,372.9755946,8.992402075
6116,604.5730877,24.41119323,-120.4228839,616.932894,5.023189634
6118,552.1480877,23.38219323,11.98911612,552.7729883,8.698734064
6119,97.38108773,14.44719323,-20.60388388,100.5799069,8.651556146
6130,34.45908773,13.21219323,-98.06288388,104.7774784,7.599339711
6176,113.0570877,14.78119323,-445.2818839,459.6480663,8.984127187
6184,581.5940877,24.10919323,558.7961161,806.8990243,8.918095952
6230,125.0870877,15.03719323,-365.8868839,386.9704233,8.796388863
6250,1006.196088,32.75919323,940.2761161,1377.542343,8.118524785
6254,293.6950877,18.43819323,249.2251161,385.629265,6.106849923
6256,498.8940877,22.56719323,-307.0428839,586.2422038,8.983385401
6283,288.4460877,18.35119323,4.841116117,289.0697982,7.957013596
6304,212.1320877,16.82319323,-267.9948839,342.2050559,7.210432108
6342,468.5690877,22.06519323,-75.95788388,475.1983405,8.761374577
6344,79.53108773,14.14819323,-212.6898839,227.5134106,7.577035004
6346,187.5640877,16.34919323,113.2821161,219.7280614,7.03442762
6352,222.5320877,17.06619323,256.5951161,340.077695,8.902890742
6366,248.3530877,17.60519323,-142.4558839,286.8499222,8.648273682
6372,185.2560877,16.31619323,10.76711612,186.2846397,8.453885231
6375,109.3330877,14.76419323,17.70511612,111.737087,7.490986725
6377,64.27808773,13.84319323,-179.4678839,191.1335342,5.729684452
6394,44.71208773,13.44419323,79.41911612,92.12661464,5.577925563
6412,132.3690877,15.24919323,28.84011612,136.3299878,8.647956979
6439,84.74608773,14.27519323,209.1441161,226.1126751,7.93362454
6450,152.0940877,15.67119323,-231.3428839,277.3043955,7.980783767
6455,221.7470877,17.11419323,260.4651161,342.5007201,8.704307444
6470,250.2930877,17.71719323,339.9651161,422.5361628,8.99231942
6477,201.3010877,16.70319323,-9.398883883,202.2114329,8.909028534
6494,274.2170877,18.23519323,-2.424883883,274.8334287,8.24134778
6560,887.0590877,31.23019323,697.6101161,1128.94155,8.460357287
6568,160.5900877,15.91619323,332.3631161,369.469542,8.343893211
6575,97.01808773,14.57519323,77.03711612,124.7383777,8.179000457
6578,209.4410877,16.95319323,-124.6348839,244.3088911,8.385696362
6611,92.55408773,14.48819323,39.84711612,101.8035341,7.998814274
6627,105.0610877,14.75819323,-71.89688388,128.1592694,8.881750115
6636,109.4050877,14.85419323,283.9021161,304.6153834,8.64475916
6643,211.2010877,17.02719323,-128.5938839,247.8552233,8.414990379
6652,39.46608773,13.36519323,12.69511612,43.55877,6.319378039
6653,301.6710877,18.97019323,-193.5878839,358.9450963,7.902140123
6658,250.6030877,17.88119323,304.7751161,394.9803996,8.705877724
6661,121.0070877,15.11119323,-44.06388388,129.6637548,7.833092968
6670,230.0460877,17.45619323,354.5361161,422.9914642,6.589658018
6701,185.9550877,16.52419323,80.11411612,203.1517049,6.284102357
6705,336.4480877,19.76919323,479.6391161,586.2097052,8.647265021
6708,31.45608773,13.19819323,0.826116117,34.12272304,8.380218406
6710,59.71008773,13.80719323,101.8421161,118.8602111,8.072182486
6731,580.2370877,25.07419323,702.7451161,911.6767472,8.14420439
6733,107.9530877,14.85519323,23.96211612,111.5738721,8.931812525
6735,58.46008773,13.78419323,42.85911612,73.78678523,7.483892946
6759,585.8720877,25.24119323,281.8191161,650.6191169,8.638634099
6763,22.23008773,13.00219323,-51.25888388,57.36468431,8.69222304
6765,162.1930877,16.04419323,233.3991161,284.6737804,8.202737344
6770,42.80708773,13.45019323,-110.0028839,118.8023102,8.64712443
6795,85.80908773,14.39119323,162.2541161,184.1105759,7.296393683
6817,156.0460877,15.93619323,68.46911612,171.1501201,6.509886041
6820,280.3330877,18.66019323,364.2021161,459.9761127,8.771676393
6841,68.72108773,14.02619323,131.9501161,149.432778,8.570229351
6860,48.45508773,13.58319323,-39.55688388,64.00895037,8.225203528
6869,231.4710877,17.61719323,-395.3828839,458.4941164,8.698668835
6883,119.2550877,15.14919323,-7.560883883,120.4509899,8.997051868
6889,151.5490877,15.86519323,-10.85688388,152.7635502,6.443098714
6921,64.45208773,13.94919323,81.17611612,104.5859141,8.211365983
6926,108.6200877,14.93319323,175.7341161,207.1323328,5.757239482
6957,33.17808773,13.25619323,-42.97588388,55.88773354,8.135582488
6983,125.0850877,15.32319323,279.8271161,306.8945981,7.370946221
6991,137.5060877,15.60619323,66.63811612,153.5972524,7.837917235
7000,118.7610877,15.18919323,102.8531161,157.8406508,6.702094315
7002,39.85008773,13.41119323,-73.17688388,84.39636207,8.501618633
7007,274.8510877,18.71019323,-266.7388839,383.4616329,8.800609587
7010,95.73708773,14.67319323,-5.883883883,97.03356458,8.887609929
7012,157.3990877,16.06519323,-105.1588839,189.9761935,7.241495908
7046,253.2780877,18.26119323,156.3781161,298.2237014,8.515710781
7050,176.2690877,16.51819323,114.6221161,210.9072581,8.101457628
7056,85.53108773,14.45819323,46.41411612,98.38128122,6.92656237
7159,235.1640877,17.94619323,247.8911161,342.1611016,8.289153177
7172,340.6450877,20.39919323,-20.03588388,341.8430042,8.003133483
7198,71.18208773,14.16419323,156.0241161,172.0785832,7.012634108
7199,151.8130877,16.04119323,-126.0968839,198.0024182,7.069352472
7201,285.6540877,19.15619323,-118.2528839,309.7562947,8.457100703
7208,49.54508773,13.66119323,-13.81888388,53.21940877,5.097350228
7222,270.9190877,18.82919323,-463.0208839,536.7867636,8.830008991
7243,67.59708773,14.08819323,-102.3968839,123.5028959,7.657385705
7255,223.8260877,17.74719323,53.97311612,230.9246147,8.909351138
7263,315.5610877,19.90219323,38.08611612,318.4736247,8.304367354
7264,47.41608773,13.61819323,-221.3278839,226.7592837,7.820825382
7266,189.0230877,16.93719323,1.869116117,189.7895935,6.998361978
7268,56.84508773,13.83919323,49.06111612,76.35365337,7.62114911
7299,224.9320877,17.81119323,54.20411612,232.0555298,8.67895961
7327,269.1650877,18.87619323,-27.22888388,271.1965472,7.66042078
7348,214.3110877,17.59219323,-62.85688388,224.0306127,7.490536833
7364,99.59408773,14.87319323,-237.7718839,258.2163104,7.314918356
7383,178.3770877,16.75619323,-140.0088839,227.379953,7.899760861
7389,375.8950877,21.47219323,-352.1098839,515.4993137,7.522140457
7393,273.5740877,19.03519323,-45.44588388,277.9756256,7.043033581
7409,286.7080877,19.36219323,425.6581161,513.5769211,8.959027497
7413,87.60808773,14.59919323,44.84911612,99.49752105,7.913061303
7435,242.9040877,18.33119323,276.5841161,368.5609879,8.009546816
7444,302.4040877,19.76919323,-18.97288388,303.6429212,8.489815805
7466,56.11708773,13.85319323,-17.87388388,60.50218362,7.561855247
7469,372.2150877,21.47119323,102.7271161,386.7272218,8.957023716
7476,72.18708773,14.24319323,323.1031161,331.3751165,8.572599467
7525,60.11008773,13.95919323,46.45611612,77.24152023,8.644254064
7535,146.5990877,16.06019323,561.6301161,580.6699662,8.752646819
7558,267.0210877,19.00519323,337.4091161,430.7045046,7.21589707
7577,112.8140877,15.25419323,-202.5568839,232.3553314,7.478763209
7591,229.0340877,18.10119323,-286.1238839,366.9484207,7.435025115
7601,1018.139088,37.45319323,946.7021161,1390.774906,8.468284231
7662,208.9520877,17.66019323,286.3061161,354.8859669,6.970444133
7687,112.1490877,15.27719323,93.42111612,146.7593794,8.356029333
7707,31.85608773,13.28819323,30.29611612,45.92647446,8.175315541
7713,121.3040877,15.51319323,17.58411612,123.5497552,5.663209446
7728,260.2280877,18.98119323,67.04011612,269.3943587,8.680942485
7737,101.0760877,15.01719323,140.3091161,173.5757462,8.514445205
7743,272.1730877,19.29019323,-82.41488388,285.0307252,8.679458389
7784,129.0880877,15.72919323,29.63711612,133.3772865,7.838409389
7850,297.2520877,20.00619323,302.4591161,424.5474866,8.46263137
7935,116.9570877,15.48119323,290.0871161,313.1599634,8.904831168
7953,36.20008773,13.41919323,-35.44788388,52.41253257,8.161175726
7959,345.3320877,21.35219323,65.55711612,352.1475578,8.945623404
7992,296.4060877,20.13719323,-179.0328839,346.8643091,8.156798075
7993,42.80508773,13.59419323,2.131116117,44.96242076,7.846248427
8018,42.91808773,13.59819323,2.058116117,45.06782617,8.976333053
8049,248.9350877,18.94719323,100.9451161,269.2909031,6.928108414
8055,102.1990877,15.14219323,102.1101161,145.2598202,7.529727511
8085,177.1160877,17.10319323,158.8031161,238.4974999,7.923419154
8108,540.8460877,26.62319323,112.4171161,553.0469176,8.931809881
8119,240.2770877,18.78119323,-199.2908839,312.7341819,8.635876761
8122,282.4850877,19.89419323,138.5211161,315.2486373,6.63826609
8138,283.5760877,19.93319323,72.04111612,293.2620878,7.92727961
8189,196.7650877,17.68419323,78.48111612,212.5759065,7.546570199
8193,897.2470877,36.20119323,1790.218116,2002.808969,7.354197638
8196,409.8270877,23.32119323,530.2531161,670.5747438,8.650235962
8212,182.8360877,17.32819323,140.0031161,230.9332669,6.652432497
8213,71.71108773,14.38419323,-633.4728839,637.681174,8.546017979
8282,92.77208773,14.96619323,5.058116117,94.10755411,7.97512243
8284,306.5110877,20.68819323,-8.955883883,307.3389921,8.267088314
8300,206.7560877,18.03219323,-120.9118839,240.1935125,8.007806366
8346,20.12208773,13.02419323,340.0381161,340.8818687,8.88301951
8358,363.5820877,22.30819323,335.4681161,495.2054593,7.817927119
8369,232.1930877,18.76419323,271.9851161,358.108403,8.533072559
8397,164.3320877,16.94019323,-14.76788388,165.8616761,8.805730249
8421,900.6520877,36.99419323,-585.9278839,1075.106617,8.593257675
8448,461.6510877,25.07619323,-216.7858839,510.6335885,8.985546892
8462,136.0540877,16.19419323,247.6211161,283.0003248,8.76993467
8473,18.48008773,12.98319323,8.710116117,24.206261,6.239638559
8485,110.3310877,15.50219323,-223.3048839,249.5562824,8.029842537
8489,455.8680877,24.97719323,-95.02688388,466.3364475,7.6444968
8509,240.2620877,19.08119323,412.2681161,477.5510049,7.964098816
8526,275.4440877,20.06319323,-15.38888388,276.6022323,8.285278404
8536,299.8950877,20.74319323,312.4611161,433.5888522,8.755390539
8542,24.38608773,13.14919323,-29.37188388,40.37685129,6.640662242
8558,128.6360877,16.03119323,-35.44088388,134.3886099,8.921812308
8564,95.54408773,15.11819323,66.92511612,117.6273932,6.944542363
8566,105.9770877,15.40719323,164.6871161,196.4443202,7.927197383
8578,141.2920877,16.38919323,333.2331161,362.32081,8.025466393
8694,136.3320877,16.29119323,-51.64588388,146.69403,7.477062199
8711,85.49308773,14.87319323,62.78011612,107.1056623,8.360062156
